name,thermal_time_initiation,allocation_priority,max_size,initial_size,rate
canopy,0,3,27.42123019,0.013215724,0.004317336
root,10,2,30,0.013215724,0.004317336
storage,1500,1,45,0.013215724,0.004317336
