name,thermal_time_initiation,allocation_priority,max_size,initial_size,rate
canopy,0,3,27.42123019,0.013215724,0.004317336
root,10,2,15,0.013215724,0.004317336
storage,200,1,22,0.013215724,0.004317336
